aogcm,sector,pr_clim,evspsbl_clim,smb_clim,ts_clim,mrro_clim
noresm1-m_rcp85,1,2.359655081818346e-05,1.0909440788964275e-05,1.2553266060422175e-05,269.8684997558594,1.3384419617068488e-07
noresm1-m_rcp85,2,9.374184628541116e-06,1.1369870662747417e-06,7.943510354380123e-06,249.6837158203125,2.9368698051257525e-07
noresm1-m_rcp85,3,2.6339528631069697e-05,1.204419822897762e-05,1.4200020814314485e-05,270.1199645996094,9.53085717014801e-08
noresm1-m_rcp85,4,1.807037006074097e-05,5.98208941937628e-07,1.688596239546314e-05,248.05918884277344,5.861993486178108e-07
noresm1-m_rcp85,5,9.090845196624286e-06,4.421370647378353e-07,8.355646968993824e-06,245.5599822998047,2.9306085025382345e-07
noresm1-m_rcp85,6,3.2857099085958907e-06,7.15586338628782e-07,2.4442506401101127e-06,232.35536193847656,1.258729724895602e-07
noresm1-m_rcp85,7,2.2286494640866295e-05,6.287329597398639e-06,1.5903387975413352e-05,258.3970947265625,9.577673409921772e-08
noresm1-m_rcp85,8,1.8710396034293808e-05,6.5654280660965014e-06,1.2006879842374474e-05,253.6341552734375,1.3808575261009537e-07
noresm1-m_rcp85,9,6.4907167143246625e-06,2.1275602648529457e-06,4.301731223677052e-06,238.45387268066406,6.142501973727121e-08
noresm1-m_rcp85,10,1.305708155996399e-05,3.79353900825663e-06,9.030445653479546e-06,253.68556213378906,2.330982624698663e-07
noresm1-m_rcp85,11,4.650742539524799e-06,5.574540296038322e-07,3.9752803786541335e-06,237.2352752685547,1.1800808152884201e-07
noresm1-m_rcp85,12,2.0750705516547896e-05,6.375988959916867e-06,1.4330487829283811e-05,260.7795104980469,4.4228887219333046e-08
noresm1-m_rcp85,13,2.2163156245369464e-05,8.644061381346546e-06,1.3455473890644498e-05,263.435546875,6.361995019688038e-08
noresm1-m_rcp85,14,1.2676624464802444e-05,2.6069765226566233e-06,9.916517228703015e-06,248.69703674316406,1.5313054291254957e-07
noresm1-m_rcp85,15,1.618658825464081e-05,4.031571734230965e-06,1.2083120964234695e-05,260.61883544921875,7.189477457814064e-08
noresm1-m_rcp85,16,1.6195441276067868e-05,1.531194243398204e-06,1.4191813534125686e-05,255.6932373046875,4.724314237591898e-07
noresm1-m_rcp85,17,2.3404798412229866e-05,7.244972948683426e-06,1.5270965377567336e-05,270.2530212402344,8.888578690857685e-07
noresm1-m_rcp85,18,1.993634577956982e-05,2.267842774017481e-06,1.663489456404932e-05,258.2539367675781,1.0336078730688314e-06
noresm1-m_rcp26,1,2.3561424313811585e-05,1.082791914086556e-05,1.2600414265762083e-05,269.8511047363281,1.3308981294812838e-07
noresm1-m_rcp26,2,9.273236173612531e-06,1.0710878086683806e-06,7.908528459665831e-06,249.5092010498047,2.936206726644741e-07
noresm1-m_rcp26,3,2.6207433620584197e-05,1.1833323696919251e-05,1.4278140042733867e-05,270.00396728515625,9.597195571586781e-08
noresm1-m_rcp26,4,1.8006767277256586e-05,6.070587801332294e-07,1.6834157577250153e-05,248.00807189941406,5.655502945955959e-07
noresm1-m_rcp26,5,9.339747521153186e-06,4.472269381494698e-07,8.604463801020756e-06,245.55636596679688,2.880575777908234e-07
noresm1-m_rcp26,6,3.294582256785361e-06,7.010337981228076e-07,2.4673474854353117e-06,232.4650421142578,1.262009021729682e-07
noresm1-m_rcp26,7,2.235555621155072e-05,6.274836323427735e-06,1.599692041054368e-05,258.4431457519531,8.379839044891924e-08
noresm1-m_rcp26,8,1.877058093668893e-05,6.582060450455174e-06,1.2055592378601432e-05,253.75057983398438,1.329268002336903e-07
noresm1-m_rcp26,9,6.386751920217648e-06,2.0861521079496015e-06,4.240067482896848e-06,238.5124053955078,6.053249279602824e-08
noresm1-m_rcp26,10,1.2796582268492784e-05,3.7661609439965105e-06,8.840141163091175e-06,253.6331787109375,1.9028158249057014e-07
noresm1-m_rcp26,11,4.665651886170963e-06,5.797931521556166e-07,3.97089752368629e-06,237.2279815673828,1.1496110374764612e-07
noresm1-m_rcp26,12,2.0593441149685532e-05,6.30478734819917e-06,1.4243397345126141e-05,260.60931396484375,4.525923102960405e-08
noresm1-m_rcp26,13,2.231449616374448e-05,8.688654816069175e-06,1.3568476788350381e-05,263.54046630859375,5.736605501738268e-08
noresm1-m_rcp26,14,1.2234347195771988e-05,2.566187959018862e-06,9.51947095018113e-06,248.70736694335938,1.4868919606669806e-07
noresm1-m_rcp26,15,1.6139852959895507e-05,4.114563125767745e-06,1.1954790352319833e-05,260.5597839355469,7.049854389151733e-08
noresm1-m_rcp26,16,1.5955765775288455e-05,1.507968363512191e-06,1.3977475646242965e-05,255.5723114013672,4.7032133920765773e-07
noresm1-m_rcp26,17,2.342067818972282e-05,7.322888905036962e-06,1.5199808331090026e-05,270.2250671386719,8.979810672826716e-07
noresm1-m_rcp26,18,1.9848816009471193e-05,2.2750577954866458e-06,1.6524041711818427e-05,258.17840576171875,1.049715820045094e-06
miroc-esm-chem_rcp85,1,1.8724333131103776e-05,7.5461898632056545e-06,1.1152893421240151e-05,268.2934265136719,2.525041153944585e-08
miroc-esm-chem_rcp85,2,9.268678695661947e-06,2.20278730012069e-06,6.872233825561125e-06,252.85313415527344,1.936559783644043e-07
miroc-esm-chem_rcp85,3,2.158450661227107e-05,9.61540536081884e-06,1.19438464025734e-05,270.268310546875,2.5254863089685387e-08
miroc-esm-chem_rcp85,4,1.360756141366437e-05,8.25174652163696e-07,1.2638409316423349e-05,248.6991424560547,1.4397575398561457e-07
miroc-esm-chem_rcp85,5,8.995501957542729e-06,1.0697674497350818e-06,7.859017387090717e-06,246.8505096435547,6.671715624406716e-08
miroc-esm-chem_rcp85,6,3.6858687053609174e-06,8.325542353304627e-07,2.8534852845041314e-06,233.4948272705078,-1.7086863868254198e-10
miroc-esm-chem_rcp85,7,2.152202432625927e-05,5.9990115914843045e-06,1.5523011825280264e-05,260.5390319824219,0.0
miroc-esm-chem_rcp85,8,1.839286596805323e-05,5.51302309759194e-06,1.2879841960966587e-05,255.91546630859375,0.0
miroc-esm-chem_rcp85,9,6.757821211067494e-06,1.3213317515692324e-06,5.4258907766779885e-06,239.2883758544922,1.059888177223911e-08
miroc-esm-chem_rcp85,10,1.2058560969308019e-05,4.129512035433436e-06,7.92822174844332e-06,255.00558471679688,8.276718754807177e-10
miroc-esm-chem_rcp85,11,4.269872533768648e-06,8.219843152801332e-07,3.314662080811104e-06,238.60519409179688,1.3322618030997546e-07
miroc-esm-chem_rcp85,12,1.8134562196792103e-05,4.5485658120014705e-06,1.3581402527051978e-05,260.7878112792969,4.5940562465318635e-09
miroc-esm-chem_rcp85,13,1.997436447709333e-05,7.948953680170234e-06,1.2015600077575073e-05,264.53839111328125,9.810432466395014e-09
miroc-esm-chem_rcp85,14,1.4295174878498074e-05,2.9041812013019808e-06,1.1370071661076508e-05,252.28561401367188,2.0922085397501178e-08
miroc-esm-chem_rcp85,15,1.4610109246859793e-05,4.417559011926642e-06,1.0169424967898522e-05,262.18414306640625,2.3125522830014233e-08
miroc-esm-chem_rcp85,16,1.5126846847124398e-05,1.5175631915553822e-06,1.3249537005322054e-05,256.91033935546875,3.5974676393379923e-07
miroc-esm-chem_rcp85,17,2.2416272258851677e-05,5.223508196650073e-06,1.7054804629879072e-05,269.71356201171875,1.3795889231005276e-07
miroc-esm-chem_rcp85,18,1.731834709062241e-05,3.1413801480084658e-06,1.3580811355495825e-05,259.19122314453125,5.961567808299151e-07
miroc-esm-chem_rcp26,1,1.875649468274787e-05,7.4899076025758404e-06,1.1239818377362099e-05,268.41717529296875,2.676977040039219e-08
miroc-esm-chem_rcp26,2,9.066856364370324e-06,2.2234810330701293e-06,6.638529612246202e-06,252.83396911621094,2.048449943004016e-07
miroc-esm-chem_rcp26,3,2.1800617105327547e-05,9.510810741630848e-06,1.2268306818441488e-05,270.28448486328125,2.149943334472937e-08
miroc-esm-chem_rcp26,4,1.3696940186491702e-05,8.094912118394859e-07,1.2755731404467952e-05,248.7269287109375,1.317176270276832e-07
miroc-esm-chem_rcp26,5,9.278676770918537e-06,1.04983178061957e-06,8.167688974936027e-06,246.96739196777344,6.11554114016144e-08
miroc-esm-chem_rcp26,6,3.633344022091478e-06,8.538651741218928e-07,2.7797593702416634e-06,233.52381896972656,-2.8041535760081615e-10
miroc-esm-chem_rcp26,7,2.115818097081501e-05,6.052573098713765e-06,1.5105606507859193e-05,260.43670654296875,0.0
miroc-esm-chem_rcp26,8,1.8287155398866162e-05,5.458053692564135e-06,1.2829101251554675e-05,255.7886199951172,0.0
miroc-esm-chem_rcp26,9,6.788216978748096e-06,1.3192496908231988e-06,5.456088274513604e-06,239.28756713867188,1.2878820676576197e-08
miroc-esm-chem_rcp26,10,1.1900436220457777e-05,4.284591796022141e-06,7.613634352310328e-06,255.156982421875,2.2090214102377104e-09
miroc-esm-chem_rcp26,11,4.395055384520674e-06,7.99164865838975e-07,3.4634538224054268e-06,238.674560546875,1.324364973243064e-07
miroc-esm-chem_rcp26,12,1.8182163330493495e-05,4.535950210993178e-06,1.3641689292853698e-05,260.8053894042969,4.522156427100299e-09
miroc-esm-chem_rcp26,13,2.0441890228539705e-05,8.020787390705664e-06,1.2410822819219902e-05,264.652099609375,1.0280244211458012e-08
miroc-esm-chem_rcp26,14,1.426379822078161e-05,2.8340707558527356e-06,1.140309905167669e-05,252.1536407470703,2.662760145710763e-08
miroc-esm-chem_rcp26,15,1.4800884855503682e-05,4.490977971727261e-06,1.0284952622896526e-05,262.2697448730469,2.4953861199605853e-08
miroc-esm-chem_rcp26,16,1.5405994417960756e-05,1.469868379899708e-06,1.3481889254762791e-05,257.14776611328125,4.5423610117723e-07
miroc-esm-chem_rcp26,17,2.2241296392166987e-05,5.206297373661073e-06,1.6891255654627457e-05,269.73846435546875,1.4374158752161748e-07
miroc-esm-chem_rcp26,18,1.7577194739715196e-05,3.0729834179510362e-06,1.3843371561961249e-05,259.2831726074219,6.608400440200057e-07
ccsm4_rcp85,1,2.4938457499956712e-05,7.959743015817367e-06,1.688757947704289e-05,265.41888427734375,9.113320942333303e-08
ccsm4_rcp85,2,7.3673322731337976e-06,1.4000428336657933e-06,5.80084133616765e-06,247.47064208984375,1.6644816014377284e-07
ccsm4_rcp85,3,2.6940197130898014e-05,9.874892384686973e-06,1.703692578303162e-05,266.6310729980469,2.8379604444239703e-08
ccsm4_rcp85,4,1.6074944142019376e-05,6.093837328080554e-07,1.5023375453893095e-05,246.25404357910156,4.4218543848728586e-07
ccsm4_rcp85,5,1.0159381417906843e-05,5.788970156572759e-07,9.295526979258284e-06,244.81219482421875,2.849574798347021e-07
ccsm4_rcp85,6,2.4597864012321224e-06,9.569622534399969e-07,1.4158091516947025e-06,232.10003662109375,8.701454845549961e-08
ccsm4_rcp85,7,2.2226004148251377e-05,6.337584181892453e-06,1.5694064131821506e-05,257.1474914550781,1.9435670139955619e-07
ccsm4_rcp85,8,1.9414443158893846e-05,5.2082614274695516e-06,1.400711880705785e-05,252.2697296142578,1.9906234172140103e-07
ccsm4_rcp85,9,8.250496648543049e-06,1.9358428744453704e-06,6.206172656675335e-06,239.4140625,1.0848142295571961e-07
ccsm4_rcp85,10,1.5199822883005254e-05,2.1744319838035153e-06,1.2659174899454229e-05,251.55027770996094,3.662164260731515e-07
ccsm4_rcp85,11,5.065252480562776e-06,5.57123712496832e-07,4.400987108965637e-06,237.10655212402344,1.0714120435295627e-07
ccsm4_rcp85,12,2.0492932890192606e-05,4.748208539240295e-06,1.5678822819609195e-05,258.16485595703125,6.590291690145023e-08
ccsm4_rcp85,13,2.5228397134924307e-05,7.662426469323691e-06,1.7431257219868712e-05,261.9880065917969,1.3471216675498e-07
ccsm4_rcp85,14,1.498163601354463e-05,2.8152039703854825e-06,1.187331599794561e-05,248.8582305908203,2.9311757998584653e-07
ccsm4_rcp85,15,1.8737673599389382e-05,2.6481886834517354e-06,1.5988718587323092e-05,258.0,1.0076681888904204e-07
ccsm4_rcp85,16,1.71064257301623e-05,1.9141145912726643e-06,1.4924999049981125e-05,254.89846801757812,2.6731333946372615e-07
ccsm4_rcp85,17,2.665299325599335e-05,6.813621894252719e-06,1.9388991859159432e-05,268.4032287597656,4.503814352574409e-07
ccsm4_rcp85,18,2.2411993995774537e-05,7.220898510240659e-07,2.0985151422792114e-05,254.56954956054688,7.047536314530589e-07
ccsm4_rcp26,1,2.4856384698068723e-05,8.092913958535064e-06,1.667159449425526e-05,265.52630615234375,9.187473182237227e-08
ccsm4_rcp26,2,7.400604317808757e-06,1.3960848264105152e-06,5.833665454701986e-06,247.49119567871094,1.708550598777947e-07
ccsm4_rcp26,3,2.69777410721872e-05,1.0146095519303344e-05,1.6803071048343554e-05,266.8556213378906,2.8571220056505808e-08
ccsm4_rcp26,4,1.5687230188632384e-05,6.229894324860652e-07,1.4636242667620536e-05,246.24269104003906,4.27998628538262e-07
ccsm4_rcp26,5,1.0327136806154158e-05,5.84063002406765e-07,9.462736670684535e-06,244.94161987304688,2.80336678315507e-07
ccsm4_rcp26,6,2.451358341204468e-06,9.74509930529166e-07,1.3897151802666485e-06,232.1722412109375,8.713334409549134e-08
ccsm4_rcp26,7,2.22855233005248e-05,6.323948127828771e-06,1.5782734408276156e-05,257.2622375488281,1.788425549875683e-07
ccsm4_rcp26,8,1.9441005861153826e-05,5.251606580713997e-06,1.4024041774973739e-05,252.43563842773438,1.6535666702566232e-07
ccsm4_rcp26,9,8.143565537466202e-06,1.9149151739839e-06,6.114995358075248e-06,239.53163146972656,1.1365472829538703e-07
ccsm4_rcp26,10,1.5014592463558074e-05,2.1740822830906836e-06,1.2463771781767718e-05,251.58152770996094,3.767382281694154e-07
ccsm4_rcp26,11,5.252199116512202e-06,5.493980097526219e-07,4.5936735659779515e-06,237.34432983398438,1.0912776815530378e-07
ccsm4_rcp26,12,2.065215267066378e-05,4.834663286601426e-06,1.5755053027532995e-05,258.3359069824219,6.243656258675401e-08
ccsm4_rcp26,13,2.516779932193458e-05,7.746529263386037e-06,1.729408722894732e-05,261.880126953125,1.2718183484139445e-07
ccsm4_rcp26,14,1.4975760677771177e-05,2.8207759896758944e-06,1.1858340258186217e-05,248.9474639892578,2.966436341012013e-07
ccsm4_rcp26,15,1.8853406800189987e-05,2.6445989078638377e-06,1.610466824786272e-05,258.2866516113281,1.041410442326196e-07
ccsm4_rcp26,16,1.7355308955302462e-05,2.011573769777897e-06,1.5071987036208156e-05,255.15928649902344,2.717464155921334e-07
ccsm4_rcp26,17,2.663441773620434e-05,6.90537035552552e-06,1.9271456039859913e-05,268.6277770996094,4.575910850235232e-07
ccsm4_rcp26,18,2.275577026011888e-05,7.114824143172882e-07,2.132988811354153e-05,254.6921844482422,7.144001301639946e-07
hadgem2-es_rcp85,1,2.8060307158739306e-05,1.163609886134509e-05,1.637654895603191e-05,273.0389099121094,4.766110706100335e-08
hadgem2-es_rcp85,2,9.606125786376651e-06,2.511878165023518e-06,5.795710876554949e-06,251.39321899414062,1.2985366311113467e-06
hadgem2-es_rcp85,3,2.8852515242761e-05,1.2717209756374359e-05,1.6083675291156396e-05,272.0377502441406,5.162797478419634e-08
hadgem2-es_rcp85,4,1.86003562703263e-05,2.0054803826496936e-06,1.5577999874949455e-05,253.14675903320312,1.0168758990403148e-06
hadgem2-es_rcp85,5,8.418192010140046e-06,1.406478645549214e-06,6.115921223681653e-06,247.0469207763672,8.957909471973835e-07
hadgem2-es_rcp85,6,2.3955440155987162e-06,8.442140710940294e-07,1.1175510508110165e-06,233.00538635253906,4.337788084285421e-07
hadgem2-es_rcp85,7,2.5953026124625467e-05,6.963057330722222e-06,1.884433913801331e-05,261.23944091796875,1.4562965588993393e-07
hadgem2-es_rcp85,8,2.2462758352048695e-05,7.078470844135154e-06,1.5128034647204913e-05,257.9993896484375,2.5625465127632197e-07
hadgem2-es_rcp85,9,8.718540811969433e-06,3.983952410635538e-06,4.579748292599106e-06,243.3535919189453,1.5483949766803562e-07
hadgem2-es_rcp85,10,1.74492561200168e-05,7.729796379862819e-06,9.18843852559803e-06,259.2319641113281,5.310219535203942e-07
hadgem2-es_rcp85,11,4.197593625576701e-06,1.477217210776871e-06,2.477284169799532e-06,239.26126098632812,2.4309215973516984e-07
hadgem2-es_rcp85,12,2.2846172214485705e-05,6.818677775299875e-06,1.597770824446343e-05,261.7578430175781,4.97868448690042e-08
hadgem2-es_rcp85,13,2.8140748327132314e-05,1.3291137292981148e-05,1.4686967915622517e-05,268.33074951171875,1.6264287694411905e-07
hadgem2-es_rcp85,14,1.6466980014229193e-05,4.426700797921512e-06,1.1582626939343754e-05,254.82411193847656,4.576518790599948e-07
hadgem2-es_rcp85,15,1.760204577294644e-05,7.714641469647177e-06,9.820552804740146e-06,264.95611572265625,6.685231568326344e-08
hadgem2-es_rcp85,16,1.4046679098100867e-05,2.4852527076291153e-06,1.1237076250836253e-05,256.5199279785156,3.243499406835326e-07
hadgem2-es_rcp85,17,2.6769956093630753e-05,8.953039468906354e-06,1.687287112872582e-05,271.96453857421875,9.44045098094648e-07
hadgem2-es_rcp85,18,2.8716831366182305e-05,5.72434919376974e-06,2.0157545804977417e-05,265.5245056152344,2.834936822182499e-06
csiro-mk3.6_rcp85,1,2.0783065338036977e-05,1.080010406440124e-05,9.982960364141036e-06,268.4223937988281,
csiro-mk3.6_rcp85,2,9.14531665330287e-06,1.9418084775679745e-06,7.203508630482247e-06,249.02789306640625,
csiro-mk3.6_rcp85,3,2.3656861230847426e-05,1.3163355106371455e-05,1.0493506124475971e-05,270.5194396972656,
csiro-mk3.6_rcp85,4,1.0564802323642652e-05,1.0434156365590752e-06,9.521387255517766e-06,245.92881774902344,
csiro-mk3.6_rcp85,5,5.6967542150232475e-06,8.449516144537483e-07,4.851802714256337e-06,242.497314453125,
csiro-mk3.6_rcp85,6,2.4708915589144453e-06,4.874993351222656e-07,1.9833923943224363e-06,226.75027465820312,
csiro-mk3.6_rcp85,7,2.172984204662498e-05,6.132191174401669e-06,1.5597652236465365e-05,259.00640869140625,
csiro-mk3.6_rcp85,8,1.8436381651554257e-05,8.323450856551062e-06,1.0112932613992598e-05,254.94522094726562,
csiro-mk3.6_rcp85,9,6.348785973386839e-06,1.5840487321838737e-06,4.764737241202965e-06,234.79652404785156,
csiro-mk3.6_rcp85,10,1.0020207810157444e-05,2.4777291400823742e-06,7.542479124822421e-06,249.32049560546875,
csiro-mk3.6_rcp85,11,3.2897337405302096e-06,6.499225264633424e-07,2.639811327753705e-06,230.22930908203125,
csiro-mk3.6_rcp85,12,2.0002529709017836e-05,5.3610247050528415e-06,1.4641505913459696e-05,259.1081237792969,
csiro-mk3.6_rcp85,13,2.1670834030373953e-05,7.882540558057372e-06,1.3788293472316582e-05,262.7229309082031,
csiro-mk3.6_rcp85,14,1.1995256500085816e-05,3.316977199574467e-06,8.678279300511349e-06,249.3365478515625,
csiro-mk3.6_rcp85,15,1.2619810149772093e-05,2.9160664780647494e-06,9.703743671707343e-06,257.28472900390625,
csiro-mk3.6_rcp85,16,1.3470779776980635e-05,1.8353622408540105e-06,1.163541674031876e-05,255.87197875976562,
csiro-mk3.6_rcp85,17,2.209815829701256e-05,7.37668551664683e-06,1.4721472325618379e-05,269.13848876953125,
csiro-mk3.6_rcp85,18,1.6190306268981658e-05,2.5592664769646944e-06,1.3631040019390639e-05,256.2691650390625,
ipsl-cm5-mr_rcp85,1,2.3619197236257605e-05,1.4182354789227247e-05,9.43684335652506e-06,272.082763671875,
ipsl-cm5-mr_rcp85,2,1.2302371033001691e-05,3.4774122923408868e-06,8.82495896803448e-06,254.2740020751953,
ipsl-cm5-mr_rcp85,3,2.776632936729584e-05,1.3219761967775412e-05,1.454656921850983e-05,272.465087890625,
ipsl-cm5-mr_rcp85,4,1.3271938769321423e-05,1.870825030891865e-06,1.140111362474272e-05,250.68275451660156,
ipsl-cm5-mr_rcp85,5,7.471857315977104e-06,2.161123347832472e-06,5.310734195518307e-06,249.19876098632812,
ipsl-cm5-mr_rcp85,6,3.4224210594402393e-06,1.3425883480522316e-06,2.0798324840143323e-06,234.6302947998047,
ipsl-cm5-mr_rcp85,7,2.337121986784041e-05,1.0874864528886974e-05,1.2496355338953435e-05,262.1276550292969,
ipsl-cm5-mr_rcp85,8,2.044380562438164e-05,9.064584446605295e-06,1.137921935878694e-05,257.5172424316406,
ipsl-cm5-mr_rcp85,9,7.882106729084626e-06,3.8490366023324896e-06,4.033069672004785e-06,242.50015258789062,
ipsl-cm5-mr_rcp85,10,1.4991132047725841e-05,8.68259394337656e-06,6.308537649601931e-06,258.7000732421875,
ipsl-cm5-mr_rcp85,11,4.673493549489649e-06,1.921785269587417e-06,2.7517085072759073e-06,239.61434936523438,
ipsl-cm5-mr_rcp85,12,2.313130971742794e-05,1.0455367373651825e-05,1.2675942343776114e-05,265.2653503417969,
ipsl-cm5-mr_rcp85,13,2.3716813302598894e-05,1.2127254194638226e-05,1.158956001745537e-05,266.7486572265625,
ipsl-cm5-mr_rcp85,14,1.5676889233873226e-05,7.340234333241824e-06,8.336655810126103e-06,254.94357299804688,
ipsl-cm5-mr_rcp85,15,1.9204964701202698e-05,1.0249736078549176e-05,8.95522771315882e-06,266.02899169921875,
ipsl-cm5-mr_rcp85,16,2.0217768906150013e-05,6.91497371008154e-06,1.3302796105563175e-05,261.8153381347656,
ipsl-cm5-mr_rcp85,17,2.6591160349198617e-05,1.235229501617141e-05,1.4238866242521908e-05,271.569580078125,
ipsl-cm5-mr_rcp85,18,1.7914269847096875e-05,7.86993041401729e-06,1.0044338523584884e-05,263.7594909667969,
ipsl-cm5-mr_rcp26,1,2.4164741262211464e-05,1.4477478543994948e-05,9.687261808721814e-06,272.2313232421875,
ipsl-cm5-mr_rcp26,2,1.2432743460522033e-05,3.857642695948016e-06,8.575100764574017e-06,254.74952697753906,
ipsl-cm5-mr_rcp26,3,2.7788666557171382e-05,1.3324762221600395e-05,1.4463904335570987e-05,272.6733093261719,
ipsl-cm5-mr_rcp26,4,1.4066404219192918e-05,1.8564321635494707e-06,1.2209972737764474e-05,250.91932678222656,
ipsl-cm5-mr_rcp26,5,7.75459011492785e-06,2.1068631212983746e-06,5.647727448376827e-06,249.34837341308594,
ipsl-cm5-mr_rcp26,6,3.4231341032864293e-06,1.391480850543303e-06,2.0316531390562886e-06,234.75709533691406,
ipsl-cm5-mr_rcp26,7,2.344819404243026e-05,1.0973687494697515e-05,1.2474505638238043e-05,262.2794494628906,
ipsl-cm5-mr_rcp26,8,2.0084822608623654e-05,9.081339158001356e-06,1.1003482541127596e-05,257.5793762207031,
ipsl-cm5-mr_rcp26,9,7.773085599183105e-06,3.865778580802726e-06,3.907306563633028e-06,242.5436248779297,
ipsl-cm5-mr_rcp26,10,1.5113435438252054e-05,8.556261491321493e-06,6.5571725826885086e-06,258.6753845214844,
ipsl-cm5-mr_rcp26,11,4.810788141185185e-06,1.9124470327369636e-06,2.898340881074546e-06,239.722900390625,
ipsl-cm5-mr_rcp26,12,2.3577127649332397e-05,1.0762730198621284e-05,1.2814397450711112e-05,265.7144470214844,
ipsl-cm5-mr_rcp26,13,2.3566486561321653e-05,1.2157909623056185e-05,1.1408576938265469e-05,266.7777404785156,
ipsl-cm5-mr_rcp26,14,1.544791302876547e-05,7.28313125364366e-06,8.164781320374459e-06,254.96775817871094,
ipsl-cm5-mr_rcp26,15,1.9260607587057166e-05,1.018381317408057e-05,9.076796231966e-06,266.0282287597656,
ipsl-cm5-mr_rcp26,16,2.059489270322956e-05,6.938723799976287e-06,1.3656168448505923e-05,261.9258117675781,
ipsl-cm5-mr_rcp26,17,2.6674682885641232e-05,1.2279291695449501e-05,1.4395387552212924e-05,271.7257995605469,
ipsl-cm5-mr_rcp26,18,1.857877941802144e-05,7.787356480548624e-06,1.0791422937472817e-05,263.928466796875,
cnrm-cm6_ssp585,1,2.3021922970656306e-05,9.994524589274079e-06,1.3027399290876929e-05,271.07421875,-1.0878389931478355e-14
cnrm-cm6_ssp585,2,9.65567505772924e-06,2.281067054354935e-06,7.374607321253279e-06,251.85365295410156,0.0
cnrm-cm6_ssp585,3,2.6055668058688752e-05,1.0905670933425426e-05,1.5149996215768624e-05,271.47979736328125,0.0
cnrm-cm6_ssp585,4,1.7485133867012337e-05,1.7409448673788575e-06,1.5744188203825615e-05,249.5447998046875,0.0
cnrm-cm6_ssp585,5,7.502769221900962e-06,2.5807419206103077e-06,4.921571417071391e-06,247.80685424804688,4.5555309524658583e-10
cnrm-cm6_ssp585,6,3.512347120704362e-06,1.0641360859153792e-06,2.448211489536334e-06,230.0728302001953,0.0
cnrm-cm6_ssp585,7,2.303820838278625e-05,8.168296517396811e-06,1.4869910955894738e-05,259.0301818847656,0.0
cnrm-cm6_ssp585,8,2.0627734556910582e-05,7.820451173756737e-06,1.2807189705199562e-05,254.90408325195312,9.508489134946174e-11
cnrm-cm6_ssp585,9,7.24353867553873e-06,3.486729838186875e-06,3.6265578273741994e-06,239.3159637451172,1.3025118050791207e-07
cnrm-cm6_ssp585,10,1.347970373899443e-05,4.21270578954136e-06,9.26699794945307e-06,254.18862915039062,0.0
cnrm-cm6_ssp585,11,3.941448085242882e-06,8.17575084965938e-07,3.1238732844940387e-06,234.8199920654297,0.0
cnrm-cm6_ssp585,12,2.0177747501293197e-05,7.278870725713205e-06,1.2898878594569396e-05,261.40234375,0.0
cnrm-cm6_ssp585,13,2.1890260541113093e-05,7.956639819894917e-06,1.385633549944032e-05,263.8719787597656,7.72870905052514e-08
cnrm-cm6_ssp585,14,1.4409873983822763e-05,6.295601906458614e-06,7.719790119153913e-06,252.22061157226562,3.944813613543374e-07
cnrm-cm6_ssp585,15,1.4951219782233238e-05,4.604577043210156e-06,1.034664182952838e-05,261.4927978515625,0.0
cnrm-cm6_ssp585,16,1.3929254237154964e-05,1.3041916417932953e-06,1.2615559171536006e-05,256.129638671875,9.503589026849113e-09
cnrm-cm6_ssp585,17,2.3014463295112364e-05,8.081887244770769e-06,1.3594328265753575e-05,269.7849426269531,1.3382468750933185e-06
cnrm-cm6_ssp585,18,2.0239658624632284e-05,4.783740223501809e-06,1.3906901585869491e-05,261.8663635253906,1.5490165878873086e-06
cnrm-cm6_ssp126,1,2.3021922970656306e-05,9.994524589274079e-06,1.3027399290876929e-05,271.07421875,-1.0878389931478355e-14
cnrm-cm6_ssp126,2,9.65567505772924e-06,2.281067054354935e-06,7.374607321253279e-06,251.85365295410156,0.0
cnrm-cm6_ssp126,3,2.6055668058688752e-05,1.0905670933425426e-05,1.5149996215768624e-05,271.47979736328125,0.0
cnrm-cm6_ssp126,4,1.7485133867012337e-05,1.7409448673788575e-06,1.5744188203825615e-05,249.5447998046875,0.0
cnrm-cm6_ssp126,5,7.502769221900962e-06,2.5807419206103077e-06,4.921571417071391e-06,247.80685424804688,4.5555309524658583e-10
cnrm-cm6_ssp126,6,3.512347120704362e-06,1.0641360859153792e-06,2.448211489536334e-06,230.0728302001953,0.0
cnrm-cm6_ssp126,7,2.303820838278625e-05,8.168296517396811e-06,1.4869910955894738e-05,259.0301818847656,0.0
cnrm-cm6_ssp126,8,2.0627734556910582e-05,7.820451173756737e-06,1.2807189705199562e-05,254.90408325195312,9.508489134946174e-11
cnrm-cm6_ssp126,9,7.24353867553873e-06,3.486729838186875e-06,3.6265578273741994e-06,239.3159637451172,1.3025118050791207e-07
cnrm-cm6_ssp126,10,1.347970373899443e-05,4.21270578954136e-06,9.26699794945307e-06,254.18862915039062,0.0
cnrm-cm6_ssp126,11,3.941448085242882e-06,8.17575084965938e-07,3.1238732844940387e-06,234.8199920654297,0.0
cnrm-cm6_ssp126,12,2.0177747501293197e-05,7.278870725713205e-06,1.2898878594569396e-05,261.40234375,0.0
cnrm-cm6_ssp126,13,2.1890260541113093e-05,7.956639819894917e-06,1.385633549944032e-05,263.8719787597656,7.72870905052514e-08
cnrm-cm6_ssp126,14,1.4409873983822763e-05,6.295601906458614e-06,7.719790119153913e-06,252.22061157226562,3.944813613543374e-07
cnrm-cm6_ssp126,15,1.4951219782233238e-05,4.604577043210156e-06,1.034664182952838e-05,261.4927978515625,0.0
cnrm-cm6_ssp126,16,1.3929254237154964e-05,1.3041916417932953e-06,1.2615559171536006e-05,256.129638671875,9.503589026849113e-09
cnrm-cm6_ssp126,17,2.3014463295112364e-05,8.081887244770769e-06,1.3594328265753575e-05,269.7849426269531,1.3382468750933185e-06
cnrm-cm6_ssp126,18,2.0239658624632284e-05,4.783740223501809e-06,1.3906901585869491e-05,261.8663635253906,1.5490165878873086e-06
cnrm-esm2_ssp585,1,2.4125734853441827e-05,1.2590017831826117e-05,1.1515544429130387e-05,273.6922607421875,2.0171864179019394e-08
cnrm-esm2_ssp585,2,1.1810220712504815e-05,2.705724909901619e-06,9.091315405385103e-06,254.16209411621094,1.31793207458486e-08
cnrm-esm2_ssp585,3,2.790359576465562e-05,1.2847062862419989e-05,1.5056534721225034e-05,274.0894775390625,-2.4519633285563502e-12
cnrm-esm2_ssp585,4,1.9447614249656908e-05,2.0614761524484493e-06,1.673143924563192e-05,251.17156982421875,6.546961230924353e-07
cnrm-esm2_ssp585,5,8.148630513460375e-06,2.853469140973175e-06,5.2946165851608384e-06,249.04339599609375,5.452534534988729e-10
cnrm-esm2_ssp585,6,4.2073688746313564e-06,1.1706548548318096e-06,3.036130010514171e-06,231.3220672607422,5.843294181850922e-10
cnrm-esm2_ssp585,7,2.3530368707724847e-05,8.256118235294707e-06,1.5274248653440736e-05,259.9638977050781,0.0
cnrm-esm2_ssp585,8,2.1890939024160616e-05,8.228424121625721e-06,1.358966801490169e-05,256.00482177734375,7.284717895572612e-08
cnrm-esm2_ssp585,9,7.822487532394007e-06,4.5220344873087015e-06,3.129626065856428e-06,240.77394104003906,1.7082662395750958e-07
cnrm-esm2_ssp585,10,1.3887432032788638e-05,4.9117720664071385e-06,8.828409590933006e-06,255.51193237304688,1.4724960806233867e-07
cnrm-esm2_ssp585,11,4.429203727340791e-06,9.363367894366093e-07,3.492910764180124e-06,235.8437042236328,-4.403283640486144e-11
cnrm-esm2_ssp585,12,2.169372783100698e-05,8.479771167912986e-06,1.3213954844104592e-05,263.2711181640625,0.0
cnrm-esm2_ssp585,13,2.3055925339576788e-05,9.334741662314627e-06,1.3610731912194751e-05,265.4924621582031,1.104551046182678e-07
cnrm-esm2_ssp585,14,1.4761784768779762e-05,6.798767572036013e-06,6.968388333916664e-06,253.25836181640625,9.946279533323832e-07
cnrm-esm2_ssp585,15,1.6297592082992196e-05,5.073898591945181e-06,1.1223692126804963e-05,262.93084716796875,1.8786242093199457e-12
cnrm-esm2_ssp585,16,1.4926806215953548e-05,1.7259621927223634e-06,1.3178118024370633e-05,257.8934020996094,2.2725112458488184e-08
cnrm-esm2_ssp585,17,2.4068483980954625e-05,8.879641427483875e-06,1.3619294804811943e-05,271.3245849609375,1.5695493402745342e-06
cnrm-esm2_ssp585,18,2.264911017846316e-05,6.033444606146077e-06,1.3902440514357295e-05,264.2626647949219,2.7132275590702193e-06
ukesm1-0-ll_ssp585,1,2.759718154266011e-05,1.0585146810626611e-05,1.6870544641278684e-05,270.6881408691406,1.4148908178412967e-07
ukesm1-0-ll_ssp585,2,8.202052413253114e-06,2.0161951397312805e-06,6.178210242069326e-06,248.7871551513672,7.647141586630823e-09
ukesm1-0-ll_ssp585,3,2.808782119245734e-05,1.2593068277055863e-05,1.5458683265023865e-05,270.95074462890625,3.60671137400459e-08
ukesm1-0-ll_ssp585,4,1.7054790077963844e-05,1.7737820598995313e-06,1.5239605090755504e-05,249.354736328125,4.1402767436693466e-08
ukesm1-0-ll_ssp585,5,8.36224717204459e-06,1.0428519772176514e-06,7.308548447326757e-06,245.29037475585938,1.0846726183899591e-08
ukesm1-0-ll_ssp585,6,2.1215182641753927e-06,7.197180025286798e-07,1.3974640751257539e-06,230.54981994628906,4.336129233450947e-09
ukesm1-0-ll_ssp585,7,2.5725697923917323e-05,6.549870249727974e-06,1.9134688045596704e-05,259.59173583984375,4.113874396693973e-08
ukesm1-0-ll_ssp585,8,2.224405761808157e-05,6.3447464526689146e-06,1.576088288857136e-05,255.57598876953125,1.3842921475770709e-07
ukesm1-0-ll_ssp585,9,7.691316568525508e-06,2.5733372694958234e-06,4.975529918738175e-06,240.4029998779297,1.4244901080928685e-07
ukesm1-0-ll_ssp585,10,1.4421196283365134e-05,5.481964308273746e-06,8.453233022009954e-06,255.3452911376953,4.859984983340837e-07
ukesm1-0-ll_ssp585,11,4.342463398643304e-06,9.846233979260433e-07,3.357023842909257e-06,236.94786071777344,8.167552190130323e-10
ukesm1-0-ll_ssp585,12,2.248867167509161e-05,6.136334832262946e-06,1.6292855434585363e-05,260.6415100097656,5.9481017444795725e-08
ukesm1-0-ll_ssp585,13,2.4831459086271934e-05,9.269587280869018e-06,1.5236946637742221e-05,265.01898193359375,3.249291182783054e-07
ukesm1-0-ll_ssp585,14,1.4673280020360835e-05,3.432783387324889e-06,1.0797769391501788e-05,250.99891662597656,4.427280089203123e-07
ukesm1-0-ll_ssp585,15,1.7017531718011014e-05,5.294639777275734e-06,1.169065581052564e-05,262.5559387207031,3.223781064320974e-08
ukesm1-0-ll_ssp585,16,1.3902821592637338e-05,2.352904630242847e-06,1.1133666703244671e-05,256.2983703613281,4.1625028757152904e-07
ukesm1-0-ll_ssp585,17,2.6814388547791168e-05,7.315803031815449e-06,1.8367862139712088e-05,270.91436767578125,1.1307232625767938e-06
ukesm1-0-ll_ssp585,18,2.4096771085169166e-05,2.5261765586037654e-06,1.9656266886158846e-05,258.9998779296875,1.914325821417151e-06
cesm2_ssp585,1,2.4615017537144013e-05,7.388321421331057e-08,2.4541133825550787e-05,267.82769775390625,2.878531178341283e-21
cesm2_ssp585,2,8.013963451958261e-06,1.612270636996982e-07,7.852736416680273e-06,250.19769287109375,5.75919554288238e-15
cesm2_ssp585,3,2.6349345716880634e-05,5.323592588979409e-08,2.6296107535017654e-05,269.2437438964844,2.4683927759247226e-21
cesm2_ssp585,4,1.5576189980492927e-05,3.094583291840536e-07,1.5266732589225285e-05,248.0071563720703,-6.629861899238537e-21
cesm2_ssp585,5,9.585439329384826e-06,1.7550013353684335e-07,9.40993686526781e-06,245.83192443847656,1.841610631353463e-12
cesm2_ssp585,6,2.3366626464849105e-06,1.342231854550846e-07,2.2023552901373478e-06,230.72744750976562,8.448042959630087e-11
cesm2_ssp585,7,2.44867642322788e-05,3.1409919643010653e-07,2.4172662961063907e-05,259.0480041503906,1.8103831194390768e-21
cesm2_ssp585,8,2.0488021618803032e-05,3.6575187323251157e-07,2.0122270143474452e-05,254.60142517089844,5.996753287247578e-21
cesm2_ssp585,9,8.937151505961083e-06,2.1957890794510604e-07,8.717574019101448e-06,239.96975708007812,3.0461576331086636e-21
cesm2_ssp585,10,1.707603587419726e-05,7.757229809612909e-07,1.6300324205076322e-05,255.8724822998047,-1.0922381922517932e-11
cesm2_ssp585,11,4.70892609882867e-06,2.8431839993459107e-08,4.680493930209195e-06,237.5414276123047,9.279417884859153e-15
cesm2_ssp585,12,2.2330961655825377e-05,1.0856484067289784e-07,2.2222318875719793e-05,262.0521240234375,7.85439699391155e-11
cesm2_ssp585,13,3.077265864703804e-05,3.425710701776552e-07,3.0428860554820858e-05,266.8013610839844,1.2308249974779528e-09
cesm2_ssp585,14,1.6427153241238557e-05,9.549061132929637e-07,1.5472247469006106e-05,250.11753845214844,1.0494723159208693e-20
cesm2_ssp585,15,1.891142164822668e-05,2.647837220592919e-07,1.864663681772072e-05,262.9865417480469,2.8220496462952215e-21
cesm2_ssp585,16,1.7548994946992025e-05,1.9537473860964383e-07,1.7282187400269322e-05,258.09912109375,7.143430735823131e-08
cesm2_ssp585,17,2.689309258130379e-05,1.4810120774200186e-07,2.552960540924687e-05,271.2523193359375,1.2153840316386777e-06
cesm2_ssp585,18,2.3064039851306006e-05,5.442891506390879e-07,2.2232195988181047e-05,259.0668029785156,2.8755749781339546e-07
